﻿<order><payment><order_id>29401</order_id><account_id>A00000001</account_id><bank_to>YZ</bank_to><account_to>87144583</account_to><amount>2.452000000000000e+003</amount><k_symbol>Household Payment</k_symbol></payment><payment><order_id>29402</order_id><account_id>A00000002</account_id><bank_to>ST</bank_to><account_to>89597016</account_to><amount>3.372699951171875e+003</amount><k_symbol>Loan Payment</k_symbol></payment><payment><order_id>29403</order_id><account_id>A00000002</account_id><bank_to>QR</bank_to><account_to>13943797</account_to><amount>7.266000000000000e+003</amount><k_symbol>Household Payment</k_symbol></payment><payment><order_id>29404</order_id><account_id>A00000003</account_id><bank_to>WX</bank_to><account_to>83084338</account_to><amount>1.135000000000000e+003</amount><k_symbol>Household Payment</k_symbol></payment><payment><order_id>29405</order_id><account_id>A00000003</account_id><bank_to>CD</bank_to><account_to>24485939</account_to><amount>3.270000000000000e+002</amount><k_symbol>&#x20;</k_symbol></payment>
</order>
