account_id,district_id,frequency,parseddate,year,month,day
A00000576,55,Monthly Issuance,2013-01-01,2013,1,1
A00003818,74,Monthly Issuance,2013-01-01,2013,1,1
A00000704,55,Monthly Issuance,2013-01-01,2013,1,1
A00002378,16,Monthly Issuance,2013-01-01,2013,1,1
A00002632,24,Monthly Issuance,2013-01-02,2013,1,2
A00001972,77,Monthly Issuance,2013-01-02,2013,1,2
A00001539,1,Issuance After Transaction,2013-01-03,2013,1,3
A00000793,47,Monthly Issuance,2013-01-03,2013,1,3
A00002484,74,Monthly Issuance,2013-01-03,2013,1,3
A00001695,76,Monthly Issuance,2013-01-03,2013,1,3
A00001726,48,Monthly Issuance,2013-01-03,2013,1,3
A00002881,70,Monthly Issuance,2013-01-04,2013,1,4
A00002357,19,Monthly Issuance,2013-01-04,2013,1,4
A00002177,62,Monthly Issuance,2013-01-04,2013,1,4
A00000485,6,Issuance After Transaction,2013-01-04,2013,1,4
A00000652,21,Monthly Issuance,2013-01-05,2013,1,5
A00009635,70,Monthly Issuance,2013-01-05,2013,1,5
A00001844,44,Monthly Issuance,2013-01-06,2013,1,6
A00001926,37,Monthly Issuance,2013-01-06,2013,1,6
A00002393,10,Monthly Issuance,2013-01-07,2013,1,7
A00003510,41,Monthly Issuance,2013-01-07,2013,1,7
A00001276,36,Monthly Issuance,2013-01-07,2013,1,7
A00001637,1,Monthly Issuance,2013-01-08,2013,1,8
A00003871,26,Monthly Issuance,2013-01-08,2013,1,8
A00000192,55,Monthly Issuance,2013-01-08,2013,1,8
A00000764,1,Monthly Issuance,2013-01-08,2013,1,8
A00002087,7,Weekly Issuance,2013-01-08,2013,1,8
A00002122,68,Monthly Issuance,2013-01-08,2013,1,8
A00003592,54,Monthly Issuance,2013-01-08,2013,1,8
A00003487,41,Monthly Issuance,2013-01-08,2013,1,8
A00000435,38,Monthly Issuance,2013-01-08,2013,1,8
A00001730,1,Monthly Issuance,2013-01-09,2013,1,9
A00001493,41,Monthly Issuance,2013-01-09,2013,1,9
A00000374,38,Monthly Issuance,2013-01-09,2013,1,9
A00002925,1,Monthly Issuance,2013-01-10,2013,1,10
A00000866,9,Monthly Issuance,2013-01-10,2013,1,10
A00001628,60,Monthly Issuance,2013-01-10,2013,1,10
A00002379,44,Monthly Issuance,2013-01-10,2013,1,10
A00001979,26,Monthly Issuance,2013-01-11,2013,1,11
A00000346,37,Monthly Issuance,2013-01-11,2013,1,11
A00001338,74,Monthly Issuance,2013-01-11,2013,1,11
A00001909,14,Monthly Issuance,2013-01-12,2013,1,12
A00002099,3,Weekly Issuance,2013-01-12,2013,1,12
A00003760,44,Monthly Issuance,2013-01-13,2013,1,13
A00005270,44,Monthly Issuance,2013-01-13,2013,1,13
A00001699,53,Monthly Issuance,2013-01-14,2013,1,14
A00003909,1,Monthly Issuance,2013-01-14,2013,1,14
A00002926,50,Monthly Issuance,2013-01-14,2013,1,14
A00001731,33,Monthly Issuance,2013-01-14,2013,1,14
A00011265,15,Monthly Issuance,2013-01-14,2013,1,14
A00002519,4,Monthly Issuance,2013-01-15,2013,1,15
A00010364,55,Monthly Issuance,2013-01-17,2013,1,17
A00001481,15,Monthly Issuance,2013-01-17,2013,1,17
A00000401,32,Monthly Issuance,2013-01-18,2013,1,18
A00004034,1,Monthly Issuance,2013-01-18,2013,1,18
A00002330,54,Monthly Issuance,2013-01-19,2013,1,19
A00001806,40,Monthly Issuance,2013-01-19,2013,1,19
A00003834,54,Monthly Issuance,2013-01-19,2013,1,19
A00001222,66,Monthly Issuance,2013-01-20,2013,1,20
A00000212,27,Weekly Issuance,2013-01-20,2013,1,20
A00000456,49,Monthly Issuance,2013-01-21,2013,1,21
A00000459,47,Monthly Issuance,2013-01-21,2013,1,21
A00000772,45,Monthly Issuance,2013-01-21,2013,1,21
A00001019,52,Monthly Issuance,2013-01-21,2013,1,21
A00011295,74,Monthly Issuance,2013-01-21,2013,1,21
A00002970,60,Monthly Issuance,2013-01-22,2013,1,22
A00002676,73,Monthly Issuance,2013-01-22,2013,1,22
A00001536,41,Weekly Issuance,2013-01-22,2013,1,22
A00001179,74,Monthly Issuance,2013-01-23,2013,1,23
A00000280,25,Monthly Issuance,2013-01-23,2013,1,23
A00002425,41,Monthly Issuance,2013-01-23,2013,1,23
A00009307,68,Monthly Issuance,2013-01-24,2013,1,24
A00004055,23,Monthly Issuance,2013-01-24,2013,1,24
A00005065,66,Monthly Issuance,2013-01-24,2013,1,24
A00003704,75,Monthly Issuance,2013-01-24,2013,1,24
A00000477,1,Monthly Issuance,2013-01-25,2013,1,25
A00005891,54,Monthly Issuance,2013-01-25,2013,1,25
A00001000,77,Monthly Issuance,2013-01-25,2013,1,25
A00001750,1,Monthly Issuance,2013-01-26,2013,1,26
A00002023,68,Monthly Issuance,2013-01-26,2013,1,26
A00006473,12,Monthly Issuance,2013-01-26,2013,1,26
A00001649,46,Monthly Issuance,2013-01-26,2013,1,26
A00002670,13,Monthly Issuance,2013-01-27,2013,1,27
A00001127,27,Monthly Issuance,2013-01-27,2013,1,27
A00000163,30,Monthly Issuance,2013-01-27,2013,1,27
A00002566,48,Monthly Issuance,2013-01-27,2013,1,27
A00000009,70,Monthly Issuance,2013-01-27,2013,1,27
A00001144,59,Monthly Issuance,2013-01-28,2013,1,28
A00002902,32,Monthly Issuance,2013-01-28,2013,1,28
A00004296,63,Monthly Issuance,2013-01-28,2013,1,28
A00000443,64,Monthly Issuance,2013-01-28,2013,1,28
A00003693,61,Monthly Issuance,2013-01-29,2013,1,29
A00002070,72,Monthly Issuance,2013-01-29,2013,1,29
A00001843,12,Monthly Issuance,2013-01-30,2013,1,30
A00002714,1,Monthly Issuance,2013-01-30,2013,1,30
A00004078,40,Monthly Issuance,2013-01-30,2013,1,30
A00001675,36,Monthly Issuance,2013-02-01,2013,2,1
A00005868,44,Monthly Issuance,2013-02-02,2013,2,2
A00001805,1,Monthly Issuance,2013-02-02,2013,2,2
A00002434,17,Monthly Issuance,2013-02-02,2013,2,2
A00003007,16,Monthly Issuance,2013-02-02,2013,2,2
A00002574,68,Monthly Issuance,2013-02-02,2013,2,2
A00000862,64,Weekly Issuance,2013-02-02,2013,2,2
A00001132,1,Weekly Issuance,2013-02-03,2013,2,3
A00004484,54,Monthly Issuance,2013-02-03,2013,2,3
A00000943,1,Monthly Issuance,2013-02-03,2013,2,3
A00003514,7,Monthly Issuance,2013-02-03,2013,2,3
A00003983,67,Monthly Issuance,2013-02-04,2013,2,4
A00009265,1,Monthly Issuance,2013-02-04,2013,2,4
A00000465,32,Monthly Issuance,2013-02-04,2013,2,4
A00000982,54,Monthly Issuance,2013-02-05,2013,2,5
A00000411,70,Monthly Issuance,2013-02-05,2013,2,5
A00000890,14,Monthly Issuance,2013-02-05,2013,2,5
A00000627,63,Monthly Issuance,2013-02-05,2013,2,5
A00002429,61,Monthly Issuance,2013-02-06,2013,2,6
A00003960,64,Monthly Issuance,2013-02-06,2013,2,6
A00002256,48,Monthly Issuance,2013-02-06,2013,2,6
A00008051,1,Weekly Issuance,2013-02-07,2013,2,7
A00002647,73,Monthly Issuance,2013-02-08,2013,2,8
A00002241,6,Monthly Issuance,2013-02-08,2013,2,8
A00005622,70,Monthly Issuance,2013-02-08,2013,2,8
A00002884,1,Monthly Issuance,2013-02-08,2013,2,8
A00001830,10,Monthly Issuance,2013-02-08,2013,2,8
A00007753,74,Monthly Issuance,2013-02-08,2013,2,8
A00000244,24,Monthly Issuance,2013-02-08,2013,2,8
A00001477,1,Monthly Issuance,2013-02-08,2013,2,8
A00004240,50,Monthly Issuance,2013-02-08,2013,2,8
A00001006,6,Monthly Issuance,2013-02-08,2013,2,8
A00000830,74,Monthly Issuance,2013-02-08,2013,2,8
A00009188,45,Monthly Issuance,2013-02-08,2013,2,8
A00001965,57,Issuance After Transaction,2013-02-08,2013,2,8
A00001134,6,Monthly Issuance,2013-02-09,2013,2,9
A00001601,10,Monthly Issuance,2013-02-09,2013,2,9
A00002861,38,Monthly Issuance,2013-02-10,2013,2,10
A00000813,16,Monthly Issuance,2013-02-10,2013,2,10
A00002585,75,Monthly Issuance,2013-02-10,2013,2,10
A00002220,16,Monthly Issuance,2013-02-10,2013,2,10
A00002763,64,Monthly Issuance,2013-02-11,2013,2,11
A00002342,51,Monthly Issuance,2013-02-11,2013,2,11
A00001944,72,Monthly Issuance,2013-02-12,2013,2,12
A00001966,27,Monthly Issuance,2013-02-12,2013,2,12
A00001801,46,Monthly Issuance,2013-02-13,2013,2,13
A00002543,68,Monthly Issuance,2013-02-13,2013,2,13
A00002293,31,Monthly Issuance,2013-02-13,2013,2,13
A00011013,1,Weekly Issuance,2013-02-14,2013,2,14
A00002423,30,Monthly Issuance,2013-02-14,2013,2,14
A00000142,51,Monthly Issuance,2013-02-15,2013,2,15
A00003424,74,Monthly Issuance,2013-02-16,2013,2,16
A00000539,13,Issuance After Transaction,2013-02-16,2013,2,16
A00000979,21,Monthly Issuance,2013-02-16,2013,2,16
A00003554,66,Monthly Issuance,2013-02-16,2013,2,16
A00003545,51,Monthly Issuance,2013-02-17,2013,2,17
A00003047,16,Monthly Issuance,2013-02-17,2013,2,17
A00003374,21,Monthly Issuance,2013-02-17,2013,2,17
A00000096,68,Monthly Issuance,2013-02-18,2013,2,18
A00000461,30,Monthly Issuance,2013-02-18,2013,2,18
A00003593,1,Monthly Issuance,2013-02-18,2013,2,18
A00003026,24,Monthly Issuance,2013-02-18,2013,2,18
A00001054,10,Monthly Issuance,2013-02-19,2013,2,19
A00002433,71,Monthly Issuance,2013-02-19,2013,2,19
A00003691,50,Monthly Issuance,2013-02-19,2013,2,19
A00003787,70,Monthly Issuance,2013-02-19,2013,2,19
A00000128,2,Monthly Issuance,2013-02-19,2013,2,19
A00003168,39,Monthly Issuance,2013-02-20,2013,2,20
A00004937,12,Monthly Issuance,2013-02-20,2013,2,20
A00002124,69,Monthly Issuance,2013-02-20,2013,2,20
A00000322,1,Monthly Issuance,2013-02-20,2013,2,20
A00004355,31,Monthly Issuance,2013-02-21,2013,2,21
A00001678,1,Monthly Issuance,2013-02-22,2013,2,22
A00002396,2,Monthly Issuance,2013-02-22,2013,2,22
A00001005,54,Weekly Issuance,2013-02-23,2013,2,23
A00000697,28,Monthly Issuance,2013-02-23,2013,2,23
A00000925,59,Monthly Issuance,2013-02-23,2013,2,23
A00002110,64,Monthly Issuance,2013-02-23,2013,2,23
A00001366,60,Monthly Issuance,2013-02-24,2013,2,24
A00001050,57,Issuance After Transaction,2013-02-24,2013,2,24
A00003117,33,Monthly Issuance,2013-02-24,2013,2,24
A00000562,50,Monthly Issuance,2013-02-25,2013,2,25
A00005369,54,Monthly Issuance,2013-02-25,2013,2,25
A00002242,7,Weekly Issuance,2013-02-25,2013,2,25
A00000197,1,Monthly Issuance,2013-02-25,2013,2,25
A00000496,69,Monthly Issuance,2013-02-26,2013,2,26
A00000002,1,Monthly Issuance,2013-02-26,2013,2,26
A00007401,1,Monthly Issuance,2013-02-26,2013,2,26
A00002486,1,Monthly Issuance,2013-02-27,2013,2,27
A00000428,1,Monthly Issuance,2013-02-27,2013,2,27
A00003651,23,Monthly Issuance,2013-02-27,2013,2,27
A00001775,17,Monthly Issuance,2013-02-27,2013,2,27
A00001688,70,Monthly Issuance,2013-02-27,2013,2,27
A00000361,51,Monthly Issuance,2013-02-27,2013,2,27
A00001829,43,Monthly Issuance,2013-02-27,2013,2,27
A00001575,1,Monthly Issuance,2013-02-27,2013,2,27
A00009203,70,Monthly Issuance,2013-02-27,2013,2,27
A00003008,72,Monthly Issuance,2013-02-27,2013,2,27
A00000239,69,Weekly Issuance,2013-03-01,2013,3,1
A00003302,21,Monthly Issuance,2013-03-02,2013,3,2
A00000415,25,Monthly Issuance,2013-03-03,2013,3,3
A00003513,20,Monthly Issuance,2013-03-03,2013,3,3
A00004134,7,Monthly Issuance,2013-03-03,2013,3,3
A00001077,14,Monthly Issuance,2013-03-03,2013,3,3
A00001713,43,Monthly Issuance,2013-03-03,2013,3,3
A00001378,59,Monthly Issuance,2013-03-04,2013,3,4
A00002503,1,Monthly Issuance,2013-03-05,2013,3,5
A00000559,46,Monthly Issuance,2013-03-05,2013,3,5
A00006555,38,Weekly Issuance,2013-03-05,2013,3,5
A00000744,42,Monthly Issuance,2013-03-06,2013,3,6
A00000882,9,Monthly Issuance,2013-03-06,2013,3,6
A00000086,54,Monthly Issuance,2013-03-07,2013,3,7
A00001126,56,Monthly Issuance,2013-03-08,2013,3,8
A00002666,49,Monthly Issuance,2013-03-08,2013,3,8
A00000944,70,Monthly Issuance,2013-03-08,2013,3,8
A00001545,1,Monthly Issuance,2013-03-08,2013,3,8
A00002453,1,Monthly Issuance,2013-03-08,2013,3,8
A00003734,43,Monthly Issuance,2013-03-08,2013,3,8
A00003935,23,Monthly Issuance,2013-03-08,2013,3,8
A00000396,21,Monthly Issuance,2013-03-08,2013,3,8
A00002694,7,Monthly Issuance,2013-03-08,2013,3,8
A00004596,74,Monthly Issuance,2013-03-09,2013,3,9
A00002489,72,Monthly Issuance,2013-03-09,2013,3,9
A00002895,19,Monthly Issuance,2013-03-09,2013,3,9
A00000317,76,Monthly Issuance,2013-03-10,2013,3,10
A00002555,53,Monthly Issuance,2013-03-10,2013,3,10
A00000494,60,Monthly Issuance,2013-03-11,2013,3,11
A00002219,60,Monthly Issuance,2013-03-11,2013,3,11
A00002581,72,Monthly Issuance,2013-03-11,2013,3,11
A00000112,6,Monthly Issuance,2013-03-12,2013,3,12
A00003674,38,Monthly Issuance,2013-03-12,2013,3,12
A00002039,44,Monthly Issuance,2013-03-12,2013,3,12
A00002712,9,Monthly Issuance,2013-03-12,2013,3,12
A00000395,1,Monthly Issuance,2013-03-12,2013,3,12
A00002974,9,Monthly Issuance,2013-03-13,2013,3,13
A00000123,21,Monthly Issuance,2013-03-13,2013,3,13
A00009640,1,Monthly Issuance,2013-03-13,2013,3,13
A00003108,53,Monthly Issuance,2013-03-14,2013,3,14
A00002508,34,Monthly Issuance,2013-03-14,2013,3,14
A00002458,40,Weekly Issuance,2013-03-14,2013,3,14
A00000588,66,Monthly Issuance,2013-03-14,2013,3,14
A00007231,10,Monthly Issuance,2013-03-14,2013,3,14
A00006701,49,Weekly Issuance,2013-03-15,2013,3,15
A00003883,72,Monthly Issuance,2013-03-15,2013,3,15
A00000222,37,Monthly Issuance,2013-03-15,2013,3,15
A00002497,65,Monthly Issuance,2013-03-16,2013,3,16
A00001372,1,Monthly Issuance,2013-03-16,2013,3,16
A00003835,50,Monthly Issuance,2013-03-16,2013,3,16
A00007445,64,Monthly Issuance,2013-03-18,2013,3,18
A00002527,38,Monthly Issuance,2013-03-19,2013,3,19
A00000425,9,Monthly Issuance,2013-03-19,2013,3,19
A00000860,1,Monthly Issuance,2013-03-19,2013,3,19
A00006034,6,Weekly Issuance,2013-03-19,2013,3,19
A00011065,11,Monthly Issuance,2013-03-19,2013,3,19
A00009883,1,Monthly Issuance,2013-03-19,2013,3,19
A00000115,68,Monthly Issuance,2013-03-19,2013,3,19
A00001189,59,Monthly Issuance,2013-03-19,2013,3,19
A00003675,64,Monthly Issuance,2013-03-20,2013,3,20
A00003069,66,Monthly Issuance,2013-03-20,2013,3,20
A00002762,19,Monthly Issuance,2013-03-20,2013,3,20
A00000892,70,Monthly Issuance,2013-03-20,2013,3,20
A00001535,46,Monthly Issuance,2013-03-20,2013,3,20
A00002618,60,Monthly Issuance,2013-03-21,2013,3,21
A00002651,2,Monthly Issuance,2013-03-21,2013,3,21
A00005442,34,Monthly Issuance,2013-03-22,2013,3,22
A00001787,30,Weekly Issuance,2013-03-22,2013,3,22
A00001397,17,Monthly Issuance,2013-03-22,2013,3,22
A00003785,10,Monthly Issuance,2013-03-24,2013,3,24
A00000623,1,Monthly Issuance,2013-03-24,2013,3,24
A00008260,31,Monthly Issuance,2013-03-24,2013,3,24
A00003678,1,Monthly Issuance,2013-03-24,2013,3,24
A00003001,1,Monthly Issuance,2013-03-24,2013,3,24
A00000655,53,Monthly Issuance,2013-03-24,2013,3,24
A00004093,1,Monthly Issuance,2013-03-25,2013,3,25
A00003260,68,Monthly Issuance,2013-03-25,2013,3,25
A00002528,65,Monthly Issuance,2013-03-25,2013,3,25
A00002011,75,Monthly Issuance,2013-03-25,2013,3,25
A00001721,68,Monthly Issuance,2013-03-25,2013,3,25
A00001332,59,Monthly Issuance,2013-03-25,2013,3,25
A00001402,74,Monthly Issuance,2013-03-26,2013,3,26
A00003283,68,Monthly Issuance,2013-03-26,2013,3,26
A00003781,31,Monthly Issuance,2013-03-26,2013,3,26
A00007203,71,Monthly Issuance,2013-03-26,2013,3,26
A00001065,72,Monthly Issuance,2013-03-27,2013,3,27
A00003076,54,Monthly Issuance,2013-03-27,2013,3,27
A00004347,1,Monthly Issuance,2013-03-27,2013,3,27
A00001157,7,Monthly Issuance,2013-03-27,2013,3,27
A00009403,1,Weekly Issuance,2013-03-27,2013,3,27
A00001874,9,Monthly Issuance,2013-03-27,2013,3,27
A00001115,34,Monthly Issuance,2013-03-27,2013,3,27
A00003586,59,Monthly Issuance,2013-03-27,2013,3,27
A00000062,47,Monthly Issuance,2013-03-28,2013,3,28
A00001771,69,Monthly Issuance,2013-03-28,2013,3,28
A00005483,13,Monthly Issuance,2013-03-28,2013,3,28
A00008330,48,Monthly Issuance,2013-03-28,2013,3,28
A00000187,5,Monthly Issuance,2013-03-28,2013,3,28
A00000423,12,Monthly Issuance,2013-03-28,2013,3,28
A00006425,31,Monthly Issuance,2013-03-29,2013,3,29
A00002493,62,Monthly Issuance,2013-03-29,2013,3,29
A00002896,29,Monthly Issuance,2013-03-30,2013,3,30
A00002245,29,Monthly Issuance,2013-03-30,2013,3,30
A00003923,52,Monthly Issuance,2013-03-30,2013,3,30
A00001898,70,Monthly Issuance,2013-04-01,2013,4,1
A00003367,1,Monthly Issuance,2013-04-01,2013,4,1
A00003391,74,Monthly Issuance,2013-04-01,2013,4,1
A00008519,23,Monthly Issuance,2013-04-02,2013,4,2
A00001780,1,Monthly Issuance,2013-04-02,2013,4,2
A00003915,65,Monthly Issuance,2013-04-02,2013,4,2
A00003980,75,Monthly Issuance,2013-04-03,2013,4,3
A00004350,63,Monthly Issuance,2013-04-04,2013,4,4
A00000686,41,Monthly Issuance,2013-04-04,2013,4,4
A00000362,15,Monthly Issuance,2013-04-04,2013,4,4
A00000299,77,Monthly Issuance,2013-04-05,2013,4,5
A00002488,5,Monthly Issuance,2013-04-06,2013,4,6
A00002985,71,Monthly Issuance,2013-04-06,2013,4,6
A00000385,5,Monthly Issuance,2013-04-07,2013,4,7
A00002817,56,Monthly Issuance,2013-04-07,2013,4,7
A00002056,58,Monthly Issuance,2013-04-07,2013,4,7
A00002002,1,Monthly Issuance,2013-04-08,2013,4,8
A00000748,10,Monthly Issuance,2013-04-08,2013,4,8
A00000220,72,Monthly Issuance,2013-04-09,2013,4,9
A00001422,68,Monthly Issuance,2013-04-09,2013,4,9
A00001147,44,Monthly Issuance,2013-04-10,2013,4,10
A00003788,70,Monthly Issuance,2013-04-10,2013,4,10
A00001891,32,Monthly Issuance,2013-04-10,2013,4,10
A00001239,1,Monthly Issuance,2013-04-10,2013,4,10
A00008321,77,Monthly Issuance,2013-04-12,2013,4,12
A00003213,51,Monthly Issuance,2013-04-12,2013,4,12
A00002838,3,Weekly Issuance,2013-04-13,2013,4,13
A00003644,38,Monthly Issuance,2013-04-13,2013,4,13
A00004318,33,Weekly Issuance,2013-04-13,2013,4,13
A00002648,51,Monthly Issuance,2013-04-13,2013,4,13
A00002313,26,Weekly Issuance,2013-04-13,2013,4,13
A00005428,24,Monthly Issuance,2013-04-14,2013,4,14
A00007123,64,Issuance After Transaction,2013-04-14,2013,4,14
A00000279,39,Monthly Issuance,2013-04-14,2013,4,14
A00000104,37,Monthly Issuance,2013-04-15,2013,4,15
A00000497,55,Monthly Issuance,2013-04-15,2013,4,15
A00001152,45,Monthly Issuance,2013-04-15,2013,4,15
A00000083,26,Monthly Issuance,2013-04-16,2013,4,16
A00002008,52,Monthly Issuance,2013-04-16,2013,4,16
A00003327,45,Monthly Issuance,2013-04-16,2013,4,16
A00005740,43,Monthly Issuance,2013-04-16,2013,4,16
A00008132,5,Weekly Issuance,2013-04-17,2013,4,17
A00010738,45,Weekly Issuance,2013-04-17,2013,4,17
A00002216,74,Monthly Issuance,2013-04-17,2013,4,17
A00001815,66,Monthly Issuance,2013-04-17,2013,4,17
A00002823,57,Monthly Issuance,2013-04-18,2013,4,18
A00004321,47,Monthly Issuance,2013-04-18,2013,4,18
A00001773,33,Monthly Issuance,2013-04-19,2013,4,19
A00007454,4,Monthly Issuance,2013-04-19,2013,4,19
A00000188,54,Monthly Issuance,2013-04-20,2013,4,20
A00010973,18,Weekly Issuance,2013-04-20,2013,4,20
A00002599,48,Monthly Issuance,2013-04-20,2013,4,20
A00001166,11,Monthly Issuance,2013-04-21,2013,4,21
A00000504,73,Monthly Issuance,2013-04-21,2013,4,21
A00001518,67,Monthly Issuance,2013-04-21,2013,4,21
A00002189,75,Monthly Issuance,2013-04-22,2013,4,22
A00006040,1,Monthly Issuance,2013-04-22,2013,4,22
A00002876,52,Monthly Issuance,2013-04-22,2013,4,22
A00001505,69,Monthly Issuance,2013-04-23,2013,4,23
A00006897,48,Monthly Issuance,2013-04-23,2013,4,23
A00004377,28,Monthly Issuance,2013-04-24,2013,4,24
A00000717,75,Monthly Issuance,2013-04-24,2013,4,24
A00009707,70,Monthly Issuance,2013-04-24,2013,4,24
A00002814,72,Monthly Issuance,2013-04-25,2013,4,25
A00003068,59,Monthly Issuance,2013-04-25,2013,4,25
A00001476,61,Monthly Issuance,2013-04-26,2013,4,26
A00000897,38,Monthly Issuance,2013-04-26,2013,4,26
A00000977,1,Monthly Issuance,2013-04-26,2013,4,26
A00002639,17,Monthly Issuance,2013-04-26,2013,4,26
A00001032,11,Monthly Issuance,2013-04-26,2013,4,26
A00000928,20,Monthly Issuance,2013-04-26,2013,4,26
A00000168,31,Monthly Issuance,2013-04-27,2013,4,27
A00002175,1,Monthly Issuance,2013-04-27,2013,4,27
A00010105,55,Monthly Issuance,2013-04-28,2013,4,28
A00001392,60,Monthly Issuance,2013-04-28,2013,4,28
A00003697,45,Monthly Issuance,2013-04-29,2013,4,29
A00005313,40,Monthly Issuance,2013-04-29,2013,4,29
A00002222,47,Monthly Issuance,2013-05-01,2013,5,1
A00002641,7,Monthly Issuance,2013-05-02,2013,5,2
A00005423,15,Monthly Issuance,2013-05-02,2013,5,2
A00002609,73,Monthly Issuance,2013-05-03,2013,5,3
A00005472,1,Monthly Issuance,2013-05-04,2013,5,4
A00002932,72,Monthly Issuance,2013-05-04,2013,5,4
A00004254,70,Monthly Issuance,2013-05-04,2013,5,4
A00003965,31,Monthly Issuance,2013-05-04,2013,5,4
A00010656,8,Monthly Issuance,2013-05-05,2013,5,5
A00000887,1,Monthly Issuance,2013-05-05,2013,5,5
A00004743,64,Monthly Issuance,2013-05-05,2013,5,5
A00001048,35,Monthly Issuance,2013-05-05,2013,5,5
A00001671,6,Monthly Issuance,2013-05-05,2013,5,5
A00001236,19,Monthly Issuance,2013-05-05,2013,5,5
A00001822,30,Monthly Issuance,2013-05-05,2013,5,5
A00003316,28,Monthly Issuance,2013-05-06,2013,5,6
A00002037,20,Monthly Issuance,2013-05-06,2013,5,6
A00010079,62,Monthly Issuance,2013-05-06,2013,5,6
A00003999,35,Monthly Issuance,2013-05-06,2013,5,6
A00000551,77,Monthly Issuance,2013-05-07,2013,5,7
A00001200,33,Monthly Issuance,2013-05-07,2013,5,7
A00001161,66,Monthly Issuance,2013-05-08,2013,5,8
A00005372,48,Monthly Issuance,2013-05-08,2013,5,8
A00003050,60,Monthly Issuance,2013-05-08,2013,5,8
A00001784,59,Monthly Issuance,2013-05-08,2013,5,8
A00001603,1,Monthly Issuance,2013-05-09,2013,5,9
A00001887,68,Monthly Issuance,2013-05-09,2013,5,9
A00001644,1,Monthly Issuance,2013-05-09,2013,5,9
A00001658,73,Monthly Issuance,2013-05-10,2013,5,10
A00000044,32,Monthly Issuance,2013-05-10,2013,5,10
A00001039,70,Weekly Issuance,2013-05-10,2013,5,10
A00001071,68,Weekly Issuance,2013-05-10,2013,5,10
A00002410,54,Monthly Issuance,2013-05-11,2013,5,11
A00002523,10,Monthly Issuance,2013-05-11,2013,5,11
A00000790,54,Monthly Issuance,2013-05-11,2013,5,11
A00002583,62,Monthly Issuance,2013-05-11,2013,5,11
A00001782,8,Monthly Issuance,2013-05-12,2013,5,12
A00000751,3,Monthly Issuance,2013-05-12,2013,5,12
A00002061,24,Monthly Issuance,2013-05-12,2013,5,12
A00008261,13,Monthly Issuance,2013-05-12,2013,5,12
A00002321,35,Monthly Issuance,2013-05-13,2013,5,13
A00001334,74,Monthly Issuance,2013-05-14,2013,5,14
A00003649,54,Monthly Issuance,2013-05-14,2013,5,14
A00000555,24,Monthly Issuance,2013-05-15,2013,5,15
A00003173,39,Monthly Issuance,2013-05-15,2013,5,15
A00000863,71,Monthly Issuance,2013-05-16,2013,5,16
A00003181,42,Monthly Issuance,2013-05-16,2013,5,16
A00003210,1,Monthly Issuance,2013-05-17,2013,5,17
A00000489,16,Monthly Issuance,2013-05-17,2013,5,17
A00000947,59,Monthly Issuance,2013-05-17,2013,5,17
A00003284,64,Monthly Issuance,2013-05-17,2013,5,17
A00001610,52,Monthly Issuance,2013-05-17,2013,5,17
A00004225,55,Monthly Issuance,2013-05-18,2013,5,18
A00001412,64,Monthly Issuance,2013-05-18,2013,5,18
A00001937,36,Monthly Issuance,2013-05-18,2013,5,18
A00000991,39,Monthly Issuance,2013-05-18,2013,5,18
A00001180,20,Monthly Issuance,2013-05-19,2013,5,19
A00002758,70,Monthly Issuance,2013-05-19,2013,5,19
A00002711,58,Monthly Issuance,2013-05-19,2013,5,19
A00001652,74,Monthly Issuance,2013-05-20,2013,5,20
A00003099,70,Monthly Issuance,2013-05-20,2013,5,20
A00011111,1,Monthly Issuance,2013-05-20,2013,5,20
A00009591,74,Monthly Issuance,2013-05-20,2013,5,20
A00009828,11,Monthly Issuance,2013-05-20,2013,5,20
A00005385,44,Weekly Issuance,2013-05-21,2013,5,21
A00000023,30,Monthly Issuance,2013-05-22,2013,5,22
A00002645,54,Monthly Issuance,2013-05-22,2013,5,22
A00002991,19,Monthly Issuance,2013-05-22,2013,5,22
A00003469,76,Monthly Issuance,2013-05-22,2013,5,22
A00001851,55,Monthly Issuance,2013-05-23,2013,5,23
A00003844,67,Monthly Issuance,2013-05-23,2013,5,23
A00001442,23,Monthly Issuance,2013-05-23,2013,5,23
A00003064,40,Monthly Issuance,2013-05-23,2013,5,23
A00003558,4,Monthly Issuance,2013-05-23,2013,5,23
A00001534,1,Monthly Issuance,2013-05-24,2013,5,24
A00000334,1,Monthly Issuance,2013-05-24,2013,5,24
A00001786,1,Monthly Issuance,2013-05-25,2013,5,25
A00001272,40,Weekly Issuance,2013-05-25,2013,5,25
A00002436,67,Monthly Issuance,2013-05-25,2013,5,25
A00003796,53,Monthly Issuance,2013-05-25,2013,5,25
A00000119,27,Monthly Issuance,2013-05-25,2013,5,25
A00003063,72,Monthly Issuance,2013-05-26,2013,5,26
A00000018,43,Weekly Issuance,2013-05-26,2013,5,26
A00011320,44,Monthly Issuance,2013-05-26,2013,5,26
A00003888,39,Monthly Issuance,2013-05-27,2013,5,27
A00001584,30,Monthly Issuance,2013-05-27,2013,5,27
A00005546,43,Monthly Issuance,2013-05-28,2013,5,28
A00002029,55,Monthly Issuance,2013-05-29,2013,5,29
A00010911,1,Weekly Issuance,2013-05-29,2013,5,29
A00002467,33,Monthly Issuance,2013-05-29,2013,5,29
A00002962,1,Monthly Issuance,2013-05-30,2013,5,30
A00000165,25,Monthly Issuance,2013-06-01,2013,6,1
A00001617,45,Monthly Issuance,2013-06-01,2013,6,1
A00000327,54,Monthly Issuance,2013-06-02,2013,6,2
A00002068,21,Monthly Issuance,2013-06-02,2013,6,2
A00004448,60,Monthly Issuance,2013-06-02,2013,6,2
A00000640,32,Monthly Issuance,2013-06-02,2013,6,2
A00000510,1,Weekly Issuance,2013-06-02,2013,6,2
A00002534,61,Monthly Issuance,2013-06-03,2013,6,3
A00001018,7,Monthly Issuance,2013-06-03,2013,6,3
A00001285,65,Monthly Issuance,2013-06-04,2013,6,4
A00003670,27,Monthly Issuance,2013-06-04,2013,6,4
A00001743,51,Monthly Issuance,2013-06-04,2013,6,4
A00003072,8,Monthly Issuance,2013-06-05,2013,6,5
A00002146,31,Monthly Issuance,2013-06-05,2013,6,5
A00004576,27,Monthly Issuance,2013-06-05,2013,6,5
A00003258,53,Monthly Issuance,2013-06-05,2013,6,5
A00002176,67,Monthly Issuance,2013-06-06,2013,6,6
A00008934,51,Monthly Issuance,2013-06-06,2013,6,6
A00001999,70,Monthly Issuance,2013-06-06,2013,6,6
A00002741,15,Monthly Issuance,2013-06-07,2013,6,7
A00004427,32,Monthly Issuance,2013-06-07,2013,6,7
A00003682,70,Monthly Issuance,2013-06-07,2013,6,7
A00002862,33,Monthly Issuance,2013-06-07,2013,6,7
A00003032,5,Monthly Issuance,2013-06-07,2013,6,7
A00000701,69,Monthly Issuance,2013-06-08,2013,6,8
A00006281,56,Monthly Issuance,2013-06-08,2013,6,8
A00000306,16,Monthly Issuance,2013-06-08,2013,6,8
A00001207,67,Monthly Issuance,2013-06-08,2013,6,8
A00001247,25,Monthly Issuance,2013-06-08,2013,6,8
A00005343,64,Monthly Issuance,2013-06-08,2013,6,8
A00005129,68,Monthly Issuance,2013-06-08,2013,6,8
A00003713,14,Weekly Issuance,2013-06-08,2013,6,8
A00002327,19,Monthly Issuance,2013-06-08,2013,6,8
A00000774,1,Monthly Issuance,2013-06-08,2013,6,8
A00001990,1,Monthly Issuance,2013-06-09,2013,6,9
A00002388,30,Monthly Issuance,2013-06-09,2013,6,9
A00003566,21,Monthly Issuance,2013-06-09,2013,6,9
A00010266,54,Monthly Issuance,2013-06-10,2013,6,10
A00003771,22,Monthly Issuance,2013-06-11,2013,6,11
A00001978,57,Weekly Issuance,2013-06-11,2013,6,11
A00002022,72,Monthly Issuance,2013-06-11,2013,6,11
A00003542,49,Monthly Issuance,2013-06-11,2013,6,11
A00001515,11,Monthly Issuance,2013-06-11,2013,6,11
A00004171,28,Monthly Issuance,2013-06-12,2013,6,12
A00000433,20,Monthly Issuance,2013-06-12,2013,6,12
A00001373,47,Monthly Issuance,2013-06-12,2013,6,12
A00003246,54,Monthly Issuance,2013-06-14,2013,6,14
A00001475,1,Weekly Issuance,2013-06-14,2013,6,14
A00003133,66,Monthly Issuance,2013-06-14,2013,6,14
A00002779,73,Monthly Issuance,2013-06-15,2013,6,15
A00000135,75,Monthly Issuance,2013-06-15,2013,6,15
A00000446,50,Monthly Issuance,2013-06-15,2013,6,15
A00009093,47,Monthly Issuance,2013-06-16,2013,6,16
A00000432,46,Monthly Issuance,2013-06-16,2013,6,16
A00002880,71,Monthly Issuance,2013-06-16,2013,6,16
A00005767,72,Monthly Issuance,2013-06-16,2013,6,16
A00001998,1,Monthly Issuance,2013-06-17,2013,6,17
A00002554,36,Monthly Issuance,2013-06-18,2013,6,18
A00002933,10,Monthly Issuance,2013-06-18,2013,6,18
A00000773,15,Monthly Issuance,2013-06-19,2013,6,19
A00004894,14,Monthly Issuance,2013-06-20,2013,6,20
A00003969,39,Monthly Issuance,2013-06-20,2013,6,20
A00001277,31,Monthly Issuance,2013-06-20,2013,6,20
A00005120,1,Monthly Issuance,2013-06-21,2013,6,21
A00000738,34,Monthly Issuance,2013-06-21,2013,6,21
A00001299,1,Monthly Issuance,2013-06-21,2013,6,21
A00000148,8,Monthly Issuance,2013-06-21,2013,6,21
A00000899,72,Monthly Issuance,2013-06-21,2013,6,21
A00003521,75,Monthly Issuance,2013-06-22,2013,6,22
A00003786,21,Monthly Issuance,2013-06-22,2013,6,22
A00000886,1,Monthly Issuance,2013-06-23,2013,6,23
A00005228,77,Issuance After Transaction,2013-06-23,2013,6,23
A00000702,12,Monthly Issuance,2013-06-23,2013,6,23
A00000300,1,Monthly Issuance,2013-06-23,2013,6,23
A00001451,64,Monthly Issuance,2013-06-24,2013,6,24
A00002940,54,Monthly Issuance,2013-06-24,2013,6,24
A00001837,23,Monthly Issuance,2013-06-24,2013,6,24
A00003954,22,Monthly Issuance,2013-06-25,2013,6,25
A00000885,1,Monthly Issuance,2013-06-25,2013,6,25
A00002697,8,Monthly Issuance,2013-06-26,2013,6,26
A00008129,45,Monthly Issuance,2013-06-26,2013,6,26
A00001930,3,Monthly Issuance,2013-06-27,2013,6,27
A00002411,69,Monthly Issuance,2013-06-27,2013,6,27
A00003775,19,Monthly Issuance,2013-06-27,2013,6,27
A00009034,1,Monthly Issuance,2013-06-28,2013,6,28
A00000902,74,Monthly Issuance,2013-06-29,2013,6,29
A00000630,71,Monthly Issuance,2013-06-29,2013,6,29
A00003096,68,Monthly Issuance,2013-06-29,2013,6,29
A00002552,52,Monthly Issuance,2013-07-01,2013,7,1
A00003435,59,Monthly Issuance,2013-07-01,2013,7,1
A00005215,55,Monthly Issuance,2013-07-01,2013,7,1
A00000036,1,Monthly Issuance,2013-07-01,2013,7,1
A00002687,76,Monthly Issuance,2013-07-01,2013,7,1
A00001861,54,Monthly Issuance,2013-07-02,2013,7,2
A00002464,33,Issuance After Transaction,2013-07-02,2013,7,2
A00002736,72,Monthly Issuance,2013-07-02,2013,7,2
A00001145,31,Monthly Issuance,2013-07-03,2013,7,3
A00002298,31,Monthly Issuance,2013-07-03,2013,7,3
A00000929,54,Monthly Issuance,2013-07-03,2013,7,3
A00000381,68,Monthly Issuance,2013-07-04,2013,7,4
A00003778,52,Monthly Issuance,2013-07-04,2013,7,4
A00001118,48,Monthly Issuance,2013-07-04,2013,7,4
A00004352,2,Monthly Issuance,2013-07-05,2013,7,5
A00001322,17,Monthly Issuance,2013-07-05,2013,7,5
A00001852,35,Monthly Issuance,2013-07-05,2013,7,5
A00008173,11,Monthly Issuance,2013-07-05,2013,7,5
A00002705,63,Issuance After Transaction,2013-07-05,2013,7,5
A00009472,1,Weekly Issuance,2013-07-06,2013,7,6
A00000368,77,Monthly Issuance,2013-07-06,2013,7,6
A00001425,76,Monthly Issuance,2013-07-06,2013,7,6
A00008027,44,Weekly Issuance,2013-07-07,2013,7,7
A00003261,1,Monthly Issuance,2013-07-07,2013,7,7
A00000035,75,Monthly Issuance,2013-07-07,2013,7,7
A00002186,63,Monthly Issuance,2013-07-07,2013,7,7
A00001566,73,Monthly Issuance,2013-07-07,2013,7,7
A00000078,74,Monthly Issuance,2013-07-07,2013,7,7
A00003939,70,Monthly Issuance,2013-07-08,2013,7,8
A00002584,50,Monthly Issuance,2013-07-08,2013,7,8
A00002336,39,Monthly Issuance,2013-07-08,2013,7,8
A00002078,62,Monthly Issuance,2013-07-08,2013,7,8
A00003882,10,Monthly Issuance,2013-07-09,2013,7,9
A00004159,74,Monthly Issuance,2013-07-09,2013,7,9
A00000907,41,Monthly Issuance,2013-07-09,2013,7,9
A00001411,54,Monthly Issuance,2013-07-09,2013,7,9
A00001684,32,Weekly Issuance,2013-07-10,2013,7,10
A00003748,1,Monthly Issuance,2013-07-10,2013,7,10
A00002213,68,Monthly Issuance,2013-07-11,2013,7,11
A00001062,6,Monthly Issuance,2013-07-11,2013,7,11
A00000273,24,Issuance After Transaction,2013-07-11,2013,7,11
A00010320,68,Monthly Issuance,2013-07-11,2013,7,11
A00001416,66,Weekly Issuance,2013-07-12,2013,7,12
A00003277,36,Monthly Issuance,2013-07-12,2013,7,12
A00001892,28,Monthly Issuance,2013-07-13,2013,7,13
A00003413,70,Monthly Issuance,2013-07-13,2013,7,13
A00003654,47,Monthly Issuance,2013-07-13,2013,7,13
A00003000,28,Monthly Issuance,2013-07-14,2013,7,14
A00003955,64,Monthly Issuance,2013-07-14,2013,7,14
A00001544,69,Monthly Issuance,2013-07-14,2013,7,14
A00009703,68,Monthly Issuance,2013-07-15,2013,7,15
A00000234,73,Monthly Issuance,2013-07-15,2013,7,15
A00003241,44,Monthly Issuance,2013-07-16,2013,7,16
A00003465,1,Monthly Issuance,2013-07-16,2013,7,16
A00003152,1,Monthly Issuance,2013-07-16,2013,7,16
A00001497,1,Monthly Issuance,2013-07-16,2013,7,16
A00003078,1,Monthly Issuance,2013-07-16,2013,7,16
A00000400,28,Monthly Issuance,2013-07-17,2013,7,17
A00001902,50,Weekly Issuance,2013-07-17,2013,7,17
A00000757,50,Monthly Issuance,2013-07-19,2013,7,19
A00001116,1,Monthly Issuance,2013-07-20,2013,7,20
A00005700,42,Monthly Issuance,2013-07-20,2013,7,20
A00003267,64,Monthly Issuance,2013-07-21,2013,7,21
A00003222,4,Monthly Issuance,2013-07-21,2013,7,21
A00000408,41,Monthly Issuance,2013-07-21,2013,7,21
A00002818,40,Monthly Issuance,2013-07-21,2013,7,21
A00006273,38,Monthly Issuance,2013-07-21,2013,7,21
A00002513,70,Monthly Issuance,2013-07-22,2013,7,22
A00003493,63,Monthly Issuance,2013-07-22,2013,7,22
A00001201,61,Monthly Issuance,2013-07-23,2013,7,23
A00004478,70,Monthly Issuance,2013-07-23,2013,7,23
A00002915,57,Monthly Issuance,2013-07-23,2013,7,23
A00009833,20,Monthly Issuance,2013-07-24,2013,7,24
A00002253,74,Monthly Issuance,2013-07-24,2013,7,24
A00001069,70,Monthly Issuance,2013-07-24,2013,7,24
A00000207,2,Monthly Issuance,2013-07-25,2013,7,25
A00003212,70,Monthly Issuance,2013-07-25,2013,7,25
A00004035,1,Monthly Issuance,2013-07-25,2013,7,25
A00001268,74,Monthly Issuance,2013-07-25,2013,7,25
A00003287,18,Monthly Issuance,2013-07-26,2013,7,26
A00006226,74,Weekly Issuance,2013-07-26,2013,7,26
A00002123,64,Monthly Issuance,2013-07-26,2013,7,26
A00003982,26,Monthly Issuance,2013-07-27,2013,7,27
A00002701,71,Monthly Issuance,2013-07-27,2013,7,27
A00003629,48,Monthly Issuance,2013-07-27,2013,7,27
A00002841,71,Monthly Issuance,2013-07-27,2013,7,27
A00000563,53,Monthly Issuance,2013-07-27,2013,7,27
A00002732,5,Monthly Issuance,2013-07-27,2013,7,27
A00001297,70,Monthly Issuance,2013-07-27,2013,7,27
A00007485,39,Monthly Issuance,2013-07-28,2013,7,28
A00002088,4,Monthly Issuance,2013-07-28,2013,7,28
A00000225,1,Monthly Issuance,2013-07-28,2013,7,28
A00001630,72,Monthly Issuance,2013-07-28,2013,7,28
A00000403,1,Monthly Issuance,2013-07-29,2013,7,29
A00000445,63,Weekly Issuance,2013-07-29,2013,7,29
A00000186,1,Weekly Issuance,2013-07-29,2013,7,29
A00003720,36,Monthly Issuance,2013-07-30,2013,7,30
A00000574,70,Monthly Issuance,2013-07-30,2013,7,30
A00001429,57,Monthly Issuance,2013-07-30,2013,7,30
A00003580,43,Monthly Issuance,2013-08-01,2013,8,1
A00007819,38,Monthly Issuance,2013-08-01,2013,8,1
A00000759,23,Monthly Issuance,2013-08-01,2013,8,1
A00006363,74,Monthly Issuance,2013-08-01,2013,8,1
A00003738,51,Monthly Issuance,2013-08-01,2013,8,1
A00004000,7,Monthly Issuance,2013-08-02,2013,8,2
A00009041,1,Monthly Issuance,2013-08-03,2013,8,3
A00002620,22,Monthly Issuance,2013-08-03,2013,8,3
A00003609,28,Monthly Issuance,2013-08-03,2013,8,3
A00001382,48,Monthly Issuance,2013-08-03,2013,8,3
A00000930,41,Monthly Issuance,2013-08-03,2013,8,3
A00001925,12,Monthly Issuance,2013-08-03,2013,8,3
A00001834,62,Monthly Issuance,2013-08-03,2013,8,3
A00001507,35,Monthly Issuance,2013-08-03,2013,8,3
A00007857,75,Monthly Issuance,2013-08-04,2013,8,4
A00006636,72,Weekly Issuance,2013-08-04,2013,8,4
A00000601,29,Monthly Issuance,2013-08-04,2013,8,4
A00003298,29,Monthly Issuance,2013-08-04,2013,8,4
A00002938,1,Monthly Issuance,2013-08-04,2013,8,4
A00002199,1,Monthly Issuance,2013-08-04,2013,8,4
A00003745,5,Monthly Issuance,2013-08-04,2013,8,4
A00003699,50,Monthly Issuance,2013-08-05,2013,8,5
A00000816,52,Monthly Issuance,2013-08-05,2013,8,5
A00003656,53,Monthly Issuance,2013-08-06,2013,8,6
A00002038,42,Monthly Issuance,2013-08-06,2013,8,6
A00002542,21,Monthly Issuance,2013-08-07,2013,8,7
A00001136,12,Monthly Issuance,2013-08-07,2013,8,7
A00001589,37,Monthly Issuance,2013-08-07,2013,8,7
A00003136,69,Monthly Issuance,2013-08-07,2013,8,7
A00003547,54,Monthly Issuance,2013-08-07,2013,8,7
A00000026,52,Monthly Issuance,2013-08-08,2013,8,8
A00000657,47,Monthly Issuance,2013-08-08,2013,8,8
A00003538,58,Monthly Issuance,2013-08-08,2013,8,8
A00002167,16,Monthly Issuance,2013-08-08,2013,8,8
A00003127,66,Monthly Issuance,2013-08-08,2013,8,8
A00000047,45,Monthly Issuance,2013-08-08,2013,8,8
A00003850,8,Monthly Issuance,2013-08-09,2013,8,9
A00005366,70,Monthly Issuance,2013-08-09,2013,8,9
A00000747,39,Monthly Issuance,2013-08-09,2013,8,9
A00003166,71,Monthly Issuance,2013-08-10,2013,8,10
A00011021,1,Monthly Issuance,2013-08-10,2013,8,10
A00001701,1,Monthly Issuance,2013-08-10,2013,8,10
A00003613,43,Monthly Issuance,2013-08-10,2013,8,10
A00003600,27,Monthly Issuance,2013-08-10,2013,8,10
A00003792,10,Monthly Issuance,2013-08-11,2013,8,11
A00000523,1,Monthly Issuance,2013-08-11,2013,8,11
A00003808,38,Monthly Issuance,2013-08-11,2013,8,11
A00001401,1,Monthly Issuance,2013-08-12,2013,8,12
A00000541,61,Monthly Issuance,2013-08-12,2013,8,12
A00001023,21,Monthly Issuance,2013-08-13,2013,8,13
A00003683,33,Monthly Issuance,2013-08-13,2013,8,13
A00003220,29,Monthly Issuance,2013-08-14,2013,8,14
A00001779,33,Monthly Issuance,2013-08-15,2013,8,15
A00001912,64,Monthly Issuance,2013-08-15,2013,8,15
A00000238,6,Monthly Issuance,2013-08-15,2013,8,15
A00003113,67,Monthly Issuance,2013-08-16,2013,8,16
A00005481,52,Monthly Issuance,2013-08-16,2013,8,16
A00003035,15,Weekly Issuance,2013-08-16,2013,8,16
A00000942,9,Monthly Issuance,2013-08-16,2013,8,16
A00003221,5,Monthly Issuance,2013-08-17,2013,8,17
A00002616,1,Monthly Issuance,2013-08-17,2013,8,17
A00002137,4,Issuance After Transaction,2013-08-17,2013,8,17
A00000978,73,Monthly Issuance,2013-08-18,2013,8,18
A00002771,37,Monthly Issuance,2013-08-18,2013,8,18
A00003891,1,Monthly Issuance,2013-08-18,2013,8,18
A00009236,11,Monthly Issuance,2013-08-18,2013,8,18
A00000274,76,Monthly Issuance,2013-08-20,2013,8,20
A00000552,14,Monthly Issuance,2013-08-20,2013,8,20
A00002417,44,Monthly Issuance,2013-08-20,2013,8,20
A00003868,43,Monthly Issuance,2013-08-21,2013,8,21
A00009869,12,Monthly Issuance,2013-08-21,2013,8,21
A00001875,44,Monthly Issuance,2013-08-21,2013,8,21
A00008212,52,Issuance After Transaction,2013-08-21,2013,8,21
A00003477,71,Monthly Issuance,2013-08-22,2013,8,22
A00001513,30,Monthly Issuance,2013-08-23,2013,8,23
A00003053,11,Monthly Issuance,2013-08-23,2013,8,23
A00001057,13,Monthly Issuance,2013-08-23,2013,8,23
A00006030,47,Monthly Issuance,2013-08-24,2013,8,24
A00003407,28,Monthly Issuance,2013-08-24,2013,8,24
A00001761,24,Monthly Issuance,2013-08-24,2013,8,24
A00003306,75,Monthly Issuance,2013-08-24,2013,8,24
A00000162,60,Monthly Issuance,2013-08-25,2013,8,25
A00005011,31,Monthly Issuance,2013-08-25,2013,8,25
A00000965,20,Monthly Issuance,2013-08-25,2013,8,25
A00001305,57,Monthly Issuance,2013-08-25,2013,8,25
A00000815,56,Monthly Issuance,2013-08-25,2013,8,25
A00001449,35,Monthly Issuance,2013-08-26,2013,8,26
A00000950,49,Monthly Issuance,2013-08-26,2013,8,26
A00003361,45,Monthly Issuance,2013-08-26,2013,8,26
A00003837,48,Issuance After Transaction,2013-08-26,2013,8,26
A00000033,22,Monthly Issuance,2013-08-26,2013,8,26
A00002894,17,Monthly Issuance,2013-08-28,2013,8,28
A00002510,61,Monthly Issuance,2013-08-28,2013,8,28
A00000389,30,Monthly Issuance,2013-08-28,2013,8,28
A00006051,56,Monthly Issuance,2013-08-28,2013,8,28
A00000730,4,Monthly Issuance,2013-08-28,2013,8,28
A00001694,6,Weekly Issuance,2013-08-29,2013,8,29
A00000721,76,Monthly Issuance,2013-08-29,2013,8,29
A00001106,20,Weekly Issuance,2013-08-29,2013,8,29
A00003319,56,Monthly Issuance,2013-08-29,2013,8,29
A00010451,1,Monthly Issuance,2013-08-29,2013,8,29
A00000172,13,Monthly Issuance,2013-08-30,2013,8,30
A00003920,74,Monthly Issuance,2013-09-01,2013,9,1
A00003011,64,Monthly Issuance,2013-09-01,2013,9,1
A00001337,23,Monthly Issuance,2013-09-01,2013,9,1
A00002592,69,Monthly Issuance,2013-09-01,2013,9,1
A00000146,4,Monthly Issuance,2013-09-02,2013,9,2
A00002576,1,Monthly Issuance,2013-09-02,2013,9,2
A00003195,40,Monthly Issuance,2013-09-02,2013,9,2
A00008073,24,Issuance After Transaction,2013-09-03,2013,9,3
A00004463,67,Monthly Issuance,2013-09-03,2013,9,3
A00002082,36,Monthly Issuance,2013-09-03,2013,9,3
A00002020,13,Monthly Issuance,2013-09-04,2013,9,4
A00000160,23,Monthly Issuance,2013-09-04,2013,9,4
A00007607,1,Monthly Issuance,2013-09-05,2013,9,5
A00000117,31,Monthly Issuance,2013-09-05,2013,9,5
A00003509,2,Monthly Issuance,2013-09-05,2013,9,5
A00000151,76,Monthly Issuance,2013-09-06,2013,9,6
A00001719,1,Monthly Issuance,2013-09-06,2013,9,6
A00003456,32,Monthly Issuance,2013-09-06,2013,9,6
A00002951,44,Monthly Issuance,2013-09-06,2013,9,6
A00007190,49,Monthly Issuance,2013-09-06,2013,9,6
A00001827,10,Monthly Issuance,2013-09-06,2013,9,6
A00001689,55,Monthly Issuance,2013-09-07,2013,9,7
A00001197,68,Monthly Issuance,2013-09-07,2013,9,7
A00005952,50,Monthly Issuance,2013-09-07,2013,9,7
A00006930,41,Monthly Issuance,2013-09-08,2013,9,8
A00001107,42,Monthly Issuance,2013-09-08,2013,9,8
A00008475,4,Monthly Issuance,2013-09-08,2013,9,8
A00003575,7,Monthly Issuance,2013-09-08,2013,9,8
A00002691,69,Monthly Issuance,2013-09-08,2013,9,8
A00003323,13,Monthly Issuance,2013-09-08,2013,9,8
A00002428,72,Monthly Issuance,2013-09-08,2013,9,8
A00002649,2,Monthly Issuance,2013-09-08,2013,9,8
A00002907,70,Monthly Issuance,2013-09-09,2013,9,9
A00001091,16,Monthly Issuance,2013-09-09,2013,9,9
A00001487,66,Monthly Issuance,2013-09-10,2013,9,10
A00003157,77,Monthly Issuance,2013-09-10,2013,9,10
A00004414,24,Monthly Issuance,2013-09-10,2013,9,10
A00002302,24,Monthly Issuance,2013-09-10,2013,9,10
A00001410,74,Monthly Issuance,2013-09-11,2013,9,11
A00001146,67,Monthly Issuance,2013-09-12,2013,9,12
A00008564,68,Monthly Issuance,2013-09-12,2013,9,12
A00000750,73,Monthly Issuance,2013-09-12,2013,9,12
A00002150,37,Monthly Issuance,2013-09-12,2013,9,12
A00010940,50,Monthly Issuance,2013-09-13,2013,9,13
A00009337,30,Monthly Issuance,2013-09-13,2013,9,13
A00000861,22,Monthly Issuance,2013-09-13,2013,9,13
A00010440,72,Monthly Issuance,2013-09-13,2013,9,13
A00010036,1,Monthly Issuance,2013-09-13,2013,9,13
A00001234,6,Monthly Issuance,2013-09-13,2013,9,13
A00007774,74,Issuance After Transaction,2013-09-14,2013,9,14
A00001547,72,Monthly Issuance,2013-09-14,2013,9,14
A00001079,74,Monthly Issuance,2013-09-14,2013,9,14
A00003863,15,Monthly Issuance,2013-09-14,2013,9,14
A00003480,58,Monthly Issuance,2013-09-14,2013,9,14
A00002671,1,Monthly Issuance,2013-09-15,2013,9,15
A00001705,70,Monthly Issuance,2013-09-15,2013,9,15
A00003028,27,Monthly Issuance,2013-09-15,2013,9,15
A00003310,25,Monthly Issuance,2013-09-15,2013,9,15
A00006715,48,Weekly Issuance,2013-09-15,2013,9,15
A00003255,1,Monthly Issuance,2013-09-15,2013,9,15
A00003751,9,Monthly Issuance,2013-09-15,2013,9,15
A00002987,18,Monthly Issuance,2013-09-16,2013,9,16
A00000857,77,Monthly Issuance,2013-09-16,2013,9,16
A00003042,10,Monthly Issuance,2013-09-16,2013,9,16
A00002695,16,Monthly Issuance,2013-09-16,2013,9,16
A00002849,1,Monthly Issuance,2013-09-16,2013,9,16
A00002802,1,Monthly Issuance,2013-09-16,2013,9,16
A00000034,67,Weekly Issuance,2013-09-17,2013,9,17
A00007133,1,Monthly Issuance,2013-09-17,2013,9,17
A00000699,1,Monthly Issuance,2013-09-17,2013,9,17
A00002282,29,Weekly Issuance,2013-09-17,2013,9,17
A00008489,19,Monthly Issuance,2013-09-18,2013,9,18
A00000837,46,Monthly Issuance,2013-09-18,2013,9,18
A00008759,1,Monthly Issuance,2013-09-18,2013,9,18
A00001602,33,Monthly Issuance,2013-09-19,2013,9,19
A00002958,48,Monthly Issuance,2013-09-19,2013,9,19
A00003408,62,Monthly Issuance,2013-09-19,2013,9,19
A00000153,77,Monthly Issuance,2013-09-19,2013,9,19
A00003268,21,Monthly Issuance,2013-09-20,2013,9,20
A00000854,62,Monthly Issuance,2013-09-21,2013,9,21
A00001831,1,Monthly Issuance,2013-09-21,2013,9,21
A00000039,36,Monthly Issuance,2013-09-22,2013,9,22
A00001811,40,Monthly Issuance,2013-09-22,2013,9,22
A00003822,8,Monthly Issuance,2013-09-22,2013,9,22
A00001404,7,Weekly Issuance,2013-09-22,2013,9,22
A00000517,76,Monthly Issuance,2013-09-22,2013,9,22
A00001440,55,Monthly Issuance,2013-09-22,2013,9,22
A00003505,46,Monthly Issuance,2013-09-23,2013,9,23
A00001804,20,Weekly Issuance,2013-09-23,2013,9,23
A00002617,1,Monthly Issuance,2013-09-24,2013,9,24
A00000467,74,Monthly Issuance,2013-09-24,2013,9,24
A00004437,40,Monthly Issuance,2013-09-24,2013,9,24
A00001453,61,Weekly Issuance,2013-09-25,2013,9,25
A00003977,7,Monthly Issuance,2013-09-25,2013,9,25
A00008982,64,Monthly Issuance,2013-09-25,2013,9,25
A00000027,73,Monthly Issuance,2013-09-26,2013,9,26
A00004511,33,Monthly Issuance,2013-09-26,2013,9,26
A00001052,61,Monthly Issuance,2013-09-27,2013,9,27
A00010227,62,Issuance After Transaction,2013-09-27,2013,9,27
A00003171,61,Monthly Issuance,2013-09-28,2013,9,28
A00000228,5,Monthly Issuance,2013-09-28,2013,9,28
A00003618,29,Monthly Issuance,2013-09-29,2013,9,29
A00001016,40,Monthly Issuance,2013-09-29,2013,9,29
A00000015,70,Monthly Issuance,2013-10-02,2013,10,2
A00003237,20,Monthly Issuance,2013-10-02,2013,10,2
A00001485,36,Monthly Issuance,2013-10-03,2013,10,3
A00007769,23,Monthly Issuance,2013-10-03,2013,10,3
A00002613,26,Monthly Issuance,2013-10-03,2013,10,3
A00002201,8,Monthly Issuance,2013-10-05,2013,10,5
A00001896,74,Monthly Issuance,2013-10-05,2013,10,5
A00005387,1,Monthly Issuance,2013-10-05,2013,10,5
A00003535,1,Monthly Issuance,2013-10-05,2013,10,5
A00001120,1,Monthly Issuance,2013-10-05,2013,10,5
A00000235,41,Monthly Issuance,2013-10-06,2013,10,6
A00003701,76,Monthly Issuance,2013-10-06,2013,10,6
A00001516,67,Monthly Issuance,2013-10-08,2013,10,8
A00004543,33,Monthly Issuance,2013-10-08,2013,10,8
A00002427,70,Weekly Issuance,2013-10-08,2013,10,8
A00001981,64,Monthly Issuance,2013-10-08,2013,10,8
A00008566,74,Monthly Issuance,2013-10-08,2013,10,8
A00000678,17,Monthly Issuance,2013-10-08,2013,10,8
A00004659,56,Monthly Issuance,2013-10-08,2013,10,8
A00004059,34,Monthly Issuance,2013-10-08,2013,10,8
A00004013,73,Issuance After Transaction,2013-10-08,2013,10,8
A00007011,75,Monthly Issuance,2013-10-08,2013,10,8
A00002132,76,Monthly Issuance,2013-10-08,2013,10,8
A00001816,44,Monthly Issuance,2013-10-08,2013,10,8
A00002623,58,Monthly Issuance,2013-10-09,2013,10,9
A00002793,47,Monthly Issuance,2013-10-09,2013,10,9
A00002479,18,Monthly Issuance,2013-10-09,2013,10,9
A00011135,75,Monthly Issuance,2013-10-10,2013,10,10
A00008041,1,Monthly Issuance,2013-10-10,2013,10,10
A00000492,5,Monthly Issuance,2013-10-10,2013,10,10
A00000799,56,Monthly Issuance,2013-10-10,2013,10,10
A00003972,51,Monthly Issuance,2013-10-11,2013,10,11
A00001468,54,Monthly Issuance,2013-10-11,2013,10,11
A00000624,70,Monthly Issuance,2013-10-11,2013,10,11
A00003483,40,Monthly Issuance,2013-10-12,2013,10,12
A00004260,56,Monthly Issuance,2013-10-14,2013,10,14
A00000616,43,Monthly Issuance,2013-10-14,2013,10,14
A00000931,59,Monthly Issuance,2013-10-15,2013,10,15
A00000102,11,Monthly Issuance,2013-10-16,2013,10,16
A00000540,75,Monthly Issuance,2013-10-16,2013,10,16
A00002660,1,Weekly Issuance,2013-10-17,2013,10,17
A00004287,1,Monthly Issuance,2013-10-17,2013,10,17
A00003551,6,Monthly Issuance,2013-10-17,2013,10,17
A00002072,41,Monthly Issuance,2013-10-17,2013,10,17
A00004119,77,Monthly Issuance,2013-10-18,2013,10,18
A00001345,28,Monthly Issuance,2013-10-19,2013,10,19
A00001565,36,Monthly Issuance,2013-10-20,2013,10,20
A00002824,11,Monthly Issuance,2013-10-20,2013,10,20
A00002052,61,Monthly Issuance,2013-10-20,2013,10,20
A00001767,21,Monthly Issuance,2013-10-20,2013,10,20
A00002140,75,Monthly Issuance,2013-10-21,2013,10,21
A00001051,35,Monthly Issuance,2013-10-21,2013,10,21
A00003927,56,Monthly Issuance,2013-10-22,2013,10,22
A00002050,1,Monthly Issuance,2013-10-22,2013,10,22
A00002276,31,Monthly Issuance,2013-10-22,2013,10,22
A00000126,5,Monthly Issuance,2013-10-23,2013,10,23
A00002859,11,Monthly Issuance,2013-10-23,2013,10,23
A00002667,23,Monthly Issuance,2013-10-23,2013,10,23
A00001789,46,Monthly Issuance,2013-10-23,2013,10,23
A00000838,47,Monthly Issuance,2013-10-23,2013,10,23
A00003264,70,Monthly Issuance,2013-10-23,2013,10,23
A00000198,70,Monthly Issuance,2013-10-25,2013,10,25
A00002345,5,Monthly Issuance,2013-10-25,2013,10,25
A00005256,72,Issuance After Transaction,2013-10-25,2013,10,25
A00000040,64,Monthly Issuance,2013-10-25,2013,10,25
A00000419,13,Monthly Issuance,2013-10-25,2013,10,25
A00003892,43,Monthly Issuance,2013-10-25,2013,10,25
A00001217,69,Monthly Issuance,2013-10-25,2013,10,25
A00000397,11,Monthly Issuance,2013-10-26,2013,10,26
A00003146,68,Monthly Issuance,2013-10-26,2013,10,26
A00000287,16,Monthly Issuance,2013-10-27,2013,10,27
A00002180,45,Monthly Issuance,2013-10-27,2013,10,27
A00000354,59,Monthly Issuance,2013-10-28,2013,10,28
A00000259,2,Monthly Issuance,2013-10-28,2013,10,28
A00001666,67,Monthly Issuance,2013-10-30,2013,10,30
A00001495,36,Monthly Issuance,2013-11-01,2013,11,1
A00002582,28,Monthly Issuance,2013-11-01,2013,11,1
A00004470,16,Monthly Issuance,2013-11-01,2013,11,1
A00001381,57,Monthly Issuance,2013-11-01,2013,11,1
A00002435,38,Monthly Issuance,2013-11-01,2013,11,1
A00000542,1,Monthly Issuance,2013-11-01,2013,11,1
A00001123,13,Monthly Issuance,2013-11-01,2013,11,1
A00003225,1,Monthly Issuance,2013-11-01,2013,11,1
A00001133,1,Monthly Issuance,2013-11-01,2013,11,1
A00003086,1,Monthly Issuance,2013-11-02,2013,11,2
A00002250,35,Monthly Issuance,2013-11-02,2013,11,2
A00000340,1,Monthly Issuance,2013-11-03,2013,11,3
A00004079,52,Monthly Issuance,2013-11-03,2013,11,3
A00000841,1,Monthly Issuance,2013-11-04,2013,11,4
A00002269,6,Monthly Issuance,2013-11-04,2013,11,4
A00002867,30,Monthly Issuance,2013-11-04,2013,11,4
A00003371,68,Monthly Issuance,2013-11-04,2013,11,4
A00000520,60,Monthly Issuance,2013-11-04,2013,11,4
A00000743,10,Monthly Issuance,2013-11-05,2013,11,5
A00003640,10,Monthly Issuance,2013-11-05,2013,11,5
A00003354,63,Monthly Issuance,2013-11-05,2013,11,5
A00000107,64,Monthly Issuance,2013-11-05,2013,11,5
A00000243,55,Weekly Issuance,2013-11-06,2013,11,6
A00003687,71,Monthly Issuance,2013-11-06,2013,11,6
A00001984,73,Monthly Issuance,2013-11-07,2013,11,7
A00004173,1,Monthly Issuance,2013-11-08,2013,11,8
A00002700,74,Monthly Issuance,2013-11-08,2013,11,8
A00002318,73,Monthly Issuance,2013-11-08,2013,11,8
A00007965,55,Monthly Issuance,2013-11-08,2013,11,8
A00003352,42,Monthly Issuance,2013-11-08,2013,11,8
A00004255,70,Weekly Issuance,2013-11-08,2013,11,8
A00000073,72,Monthly Issuance,2013-11-08,2013,11,8
A00003948,1,Monthly Issuance,2013-11-09,2013,11,9
A00000648,13,Monthly Issuance,2013-11-09,2013,11,9
A00003688,70,Monthly Issuance,2013-11-10,2013,11,10
A00000462,29,Monthly Issuance,2013-11-10,2013,11,10
A00003243,1,Monthly Issuance,2013-11-10,2013,11,10
A00008625,64,Monthly Issuance,2013-11-10,2013,11,10
A00000321,47,Monthly Issuance,2013-11-11,2013,11,11
A00003548,23,Monthly Issuance,2013-11-11,2013,11,11
A00005984,11,Monthly Issuance,2013-11-11,2013,11,11
A00003091,3,Monthly Issuance,2013-11-11,2013,11,11
A00000626,72,Monthly Issuance,2013-11-11,2013,11,11
A00000998,47,Monthly Issuance,2013-11-11,2013,11,11
A00003326,5,Monthly Issuance,2013-11-11,2013,11,11
A00002457,76,Monthly Issuance,2013-11-11,2013,11,11
A00002549,74,Monthly Issuance,2013-11-12,2013,11,12
A00001947,35,Monthly Issuance,2013-11-12,2013,11,12
A00002738,41,Monthly Issuance,2013-11-12,2013,11,12
A00001809,1,Weekly Issuance,2013-11-12,2013,11,12
A00000519,24,Monthly Issuance,2013-11-12,2013,11,12
A00002665,61,Monthly Issuance,2013-11-13,2013,11,13
A00001114,6,Weekly Issuance,2013-11-13,2013,11,13
A00008957,1,Monthly Issuance,2013-11-13,2013,11,13
A00002271,68,Monthly Issuance,2013-11-13,2013,11,13
A00000196,4,Monthly Issuance,2013-11-14,2013,11,14
A00003218,41,Monthly Issuance,2013-11-14,2013,11,14
A00003660,74,Monthly Issuance,2013-11-14,2013,11,14
A00000787,10,Monthly Issuance,2013-11-14,2013,11,14
A00003820,1,Monthly Issuance,2013-11-14,2013,11,14
A00010906,76,Monthly Issuance,2013-11-14,2013,11,14
A00000914,73,Monthly Issuance,2013-11-14,2013,11,14
A00009656,61,Monthly Issuance,2013-11-14,2013,11,14
A00001941,60,Monthly Issuance,2013-11-15,2013,11,15
A00003617,22,Monthly Issuance,2013-11-15,2013,11,15
A00003370,49,Monthly Issuance,2013-11-15,2013,11,15
A00001664,56,Monthly Issuance,2013-11-15,2013,11,15
A00004337,29,Monthly Issuance,2013-11-16,2013,11,16
A00002557,40,Monthly Issuance,2013-11-17,2013,11,17
A00001527,31,Issuance After Transaction,2013-11-17,2013,11,17
A00003938,57,Monthly Issuance,2013-11-17,2013,11,17
A00001686,11,Monthly Issuance,2013-11-18,2013,11,18
A00010670,60,Monthly Issuance,2013-11-18,2013,11,18
A00003309,66,Monthly Issuance,2013-11-20,2013,11,20
A00003107,5,Monthly Issuance,2013-11-20,2013,11,20
A00008377,29,Monthly Issuance,2013-11-20,2013,11,20